dataset,PC1,PC2,PC3,PC4,PC5,PC6,PC7,PC8,PC9,PC10,PC11,PC12,PC13,PC14,PC15,PC16,PC17,PC18,PC19,PC20,PC21,PC22,PC23,PC24,PC25,PC26,PC27,PC28,PC29,PC30,PC31,PC32,PC33,PC34,alpha,beta,T,h,rho,lr,lam_sparse,epochs,batch_size,k_min,k_max,k_n_init,best_k,modularity,time_seconds,rank_ascending,rank_descending,rank_pct,modularity_minmax,relative_gap_to_best,score_sigmoid_01,score_sigmoid_signed,label_top_q,label_bottom_q,score_extreme_01,score_extreme_signed,run_name,is_best_for_dataset,source_score_file,pred_score,pred_rank_desc
football,-0.683771927,0.050963675,-1.115338092,-0.316199681,-1.089199103,1.174524898,0.919392606,2.574165618,-0.550626139,2.020255807,0.11276355,-0.401540622,0.745302001,1.049509811,0.162099816,-0.053871999,0.215683304,-0.159896951,-0.167636334,0.007956357,-0.146473546,0.085910568,0.081705355,0.012791958,-0.017719026,-0.012091351,8.11e-05,0.002488994,-0.000150827,-0.000281052,9.8e-05,4.15e-05,-1.36e-07,3.19e-17,0.9,0.09999999999999998,6,32,0.05,0.01,0.0001,600,32,2,14,10,9,0.5963424337824501,57.58722002292052,719.5,1.5,0.9993045897079277,0.9999999999978357,0.0,0.9975067083197943,0.9950134166395885,1,0,0.9993766770799486,0.9987533541598972,full_param_grid_football_a0.9_T06_h032_rho0.050_lr0.01_lam0.000100_bs32_ep600,False,football_score.xlsx,0.9260593990594461,1.0
football,-0.683771927,0.050963675,-1.115338092,-0.316199681,-1.089199103,1.174524898,0.919392606,2.574165618,-0.550626139,2.020255807,0.11276355,-0.401540622,0.745302001,1.049509811,0.162099816,-0.053871999,0.215683304,-0.159896951,-0.167636334,0.007956357,-0.146473546,0.085910568,0.081705355,0.012791958,-0.017719026,-0.012091351,8.11e-05,0.002488994,-0.000150827,-0.000281052,9.8e-05,4.15e-05,-1.36e-07,3.19e-17,0.9,0.09999999999999998,6,32,0.05,0.02,0.0001,600,32,2,14,10,12,0.5900021023554306,58.07241371273994,586.5,134.5,0.8143254520166898,0.986277779215542,0.01372222078229371,0.9775092891999483,0.9550185783998966,0,0,0.9775092891999483,0.9550185783998966,full_param_grid_football_a0.9_T06_h032_rho0.050_lr0.02_lam0.000100_bs32_ep600,False,football_score.xlsx,0.9059130995183834,2.0
football,-0.683771927,0.050963675,-1.115338092,-0.316199681,-1.089199103,1.174524898,0.919392606,2.574165618,-0.550626139,2.020255807,0.11276355,-0.401540622,0.745302001,1.049509811,0.162099816,-0.053871999,0.215683304,-0.159896951,-0.167636334,0.007956357,-0.146473546,0.085910568,0.081705355,0.012791958,-0.017719026,-0.012091351,8.11e-05,0.002488994,-0.000150827,-0.000281052,9.8e-05,4.15e-05,-1.36e-07,3.19e-17,0.9,0.09999999999999998,6,32,0.05,0.01,0.00033,600,32,2,14,10,9,0.5906474456381379,58.71236584288999,618.0,103.0,0.8581363004172462,0.9876744795470013,0.01232552045083452,0.9865818179767428,0.9731636359534857,0,0,0.9865818179767428,0.9731636359534857,full_param_grid_football_a0.9_T06_h032_rho0.050_lr0.01_lam0.000330_bs32_ep600,False,football_score.xlsx,0.8828058699683088,3.0
football,-0.683771927,0.050963675,-1.115338092,-0.316199681,-1.089199103,1.174524898,0.919392606,2.574165618,-0.550626139,2.020255807,0.11276355,-0.401540622,0.745302001,1.049509811,0.162099816,-0.053871999,0.215683304,-0.159896951,-0.167636334,0.007956357,-0.146473546,0.085910568,0.081705355,0.012791958,-0.017719026,-0.012091351,8.11e-05,0.002488994,-0.000150827,-0.000281052,9.8e-05,4.15e-05,-1.36e-07,3.19e-17,0.9,0.09999999999999998,6,16,0.05,0.02,0.00033,600,32,2,14,10,10,0.5831361820692967,58.64983009267598,345.0,376.0,0.478442280945758,0.9714180396065911,0.02858196039124464,0.4356851161469296,-0.1286297677061409,0,0,0.4356851161469296,-0.1286297677061409,full_param_grid_football_a0.9_T06_h016_rho0.050_lr0.02_lam0.000330_bs32_ep600,False,football_score.xlsx,0.8827618049264521,4.0
football,-0.683771927,0.050963675,-1.115338092,-0.316199681,-1.089199103,1.174524898,0.919392606,2.574165618,-0.550626139,2.020255807,0.11276355,-0.401540622,0.745302001,1.049509811,0.162099816,-0.053871999,0.215683304,-0.159896951,-0.167636334,0.007956357,-0.146473546,0.085910568,0.081705355,0.012791958,-0.017719026,-0.012091351,8.11e-05,0.002488994,-0.000150827,-0.000281052,9.8e-05,4.15e-05,-1.36e-07,3.19e-17,0.9,0.09999999999999998,6,16,0.05,0.01,0.00033,600,32,2,14,10,12,0.5860874633085694,58.8723028479144,445.5,275.5,0.6182197496522949,0.9778054238028426,0.02219457619499313,0.8051246514238743,0.6102493028477487,0,0,0.8051246514238743,0.6102493028477487,full_param_grid_football_a0.9_T06_h016_rho0.050_lr0.01_lam0.000330_bs32_ep600,False,football_score.xlsx,0.869380422631323,5.0
football,-0.683771927,0.050963675,-1.115338092,-0.316199681,-1.089199103,1.174524898,0.919392606,2.574165618,-0.550626139,2.020255807,0.11276355,-0.401540622,0.745302001,1.049509811,0.162099816,-0.053871999,0.215683304,-0.159896951,-0.167636334,0.007956357,-0.146473546,0.085910568,0.081705355,0.012791958,-0.017719026,-0.012091351,8.11e-05,0.002488994,-0.000150827,-0.000281052,9.8e-05,4.15e-05,-1.36e-07,3.19e-17,0.9,0.09999999999999998,6,16,0.05,0.01,0.00066,600,32,2,14,10,11,0.5929533835947021,57.57747181598097,684.0,37.0,0.9499304589707928,0.9926651634117909,0.007334836586044847,0.9954999900590724,0.9909999801181448,0,0,0.9954999900590724,0.9909999801181448,full_param_grid_football_a0.9_T06_h016_rho0.050_lr0.01_lam0.000660_bs32_ep600,False,football_score.xlsx,0.8570765182768564,6.0
football,-0.683771927,0.050963675,-1.115338092,-0.316199681,-1.089199103,1.174524898,0.919392606,2.574165618,-0.550626139,2.020255807,0.11276355,-0.401540622,0.745302001,1.049509811,0.162099816,-0.053871999,0.215683304,-0.159896951,-0.167636334,0.007956357,-0.146473546,0.085910568,0.081705355,0.012791958,-0.017719026,-0.012091351,8.11e-05,0.002488994,-0.000150827,-0.000281052,9.8e-05,4.15e-05,-1.36e-07,3.19e-17,0.9,0.09999999999999998,6,32,0.05,0.01,0.00066,600,16,2,14,10,11,0.5874633085752093,109.0985793080181,503.5,217.5,0.6988873435326843,0.9807831313136284,0.01921686868420741,0.9158034732490875,0.831606946498175,0,0,0.9158034732490875,0.831606946498175,full_param_grid_football_a0.9_T06_h032_rho0.050_lr0.01_lam0.000660_bs16_ep600,False,football_score.xlsx,0.8522452243624492,7.0
football,-0.683771927,0.050963675,-1.115338092,-0.316199681,-1.089199103,1.174524898,0.919392606,2.574165618,-0.550626139,2.020255807,0.11276355,-0.401540622,0.745302001,1.049509811,0.162099816,-0.053871999,0.215683304,-0.159896951,-0.167636334,0.007956357,-0.146473546,0.085910568,0.081705355,0.012791958,-0.017719026,-0.012091351,8.11e-05,0.002488994,-0.000150827,-0.000281052,9.8e-05,4.15e-05,-1.36e-07,3.19e-17,0.9,0.09999999999999998,8,32,0.05,0.01,0.0001,600,32,2,14,10,11,0.5907898203417467,86.49319785414264,626.5,94.5,0.8699582753824756,0.9879826175582742,0.01201738243956154,0.9883358127724953,0.9766716255449905,0,0,0.9883358127724953,0.9766716255449905,full_param_grid_football_a0.9_T08_h032_rho0.050_lr0.01_lam0.000100_bs32_ep600,False,football_score.xlsx,0.8463727865780265,8.0
football,-0.683771927,0.050963675,-1.115338092,-0.316199681,-1.089199103,1.174524898,0.919392606,2.574165618,-0.550626139,2.020255807,0.11276355,-0.401540622,0.745302001,1.049509811,0.162099816,-0.053871999,0.215683304,-0.159896951,-0.167636334,0.007956357,-0.146473546,0.085910568,0.081705355,0.012791958,-0.017719026,-0.012091351,8.11e-05,0.002488994,-0.000150827,-0.000281052,9.8e-05,4.15e-05,-1.36e-07,3.19e-17,0.7,0.3,6,32,0.05,0.01,0.00033,600,16,2,14,10,12,0.5900021023554306,107.387088551186,586.5,134.5,0.8143254520166898,0.986277779215542,0.01372222078229371,0.9775092891999483,0.9550185783998966,0,0,0.9775092891999483,0.9550185783998966,full_param_grid_football_a0.7_T06_h032_rho0.050_lr0.01_lam0.000330_bs16_ep600,False,football_score.xlsx,0.8194719427916405,9.0
football,-0.683771927,0.050963675,-1.115338092,-0.316199681,-1.089199103,1.174524898,0.919392606,2.574165618,-0.550626139,2.020255807,0.11276355,-0.401540622,0.745302001,1.049509811,0.162099816,-0.053871999,0.215683304,-0.159896951,-0.167636334,0.007956357,-0.146473546,0.085910568,0.081705355,0.012791958,-0.017719026,-0.012091351,8.11e-05,0.002488994,-0.000150827,-0.000281052,9.8e-05,4.15e-05,-1.36e-07,3.19e-17,0.9,0.09999999999999998,6,32,0.05,0.02,0.0001,600,16,2,14,10,11,0.5862684255486688,108.8857669536956,463.0,258.0,0.6425591098748261,0.9781970758545507,0.02180292414328503,0.8469282634688922,0.6938565269377843,0,0,0.8469282634688922,0.6938565269377843,full_param_grid_football_a0.9_T06_h032_rho0.050_lr0.02_lam0.000100_bs16_ep600,False,football_score.xlsx,0.8139064597878245,10.0
football,-0.683771927,0.050963675,-1.115338092,-0.316199681,-1.089199103,1.174524898,0.919392606,2.574165618,-0.550626139,2.020255807,0.11276355,-0.401540622,0.745302001,1.049509811,0.162099816,-0.053871999,0.215683304,-0.159896951,-0.167636334,0.007956357,-0.146473546,0.085910568,0.081705355,0.012791958,-0.017719026,-0.012091351,8.11e-05,0.002488994,-0.000150827,-0.000281052,9.8e-05,4.15e-05,-1.36e-07,3.19e-17,0.9,0.09999999999999998,6,32,0.05,0.01,0.0001,600,16,2,14,10,10,0.5952473461089065,111.305651281029,711.0,10.0,0.9874826147426982,0.9976299291260994,0.002370070871736385,0.9971277734145589,0.9942555468291179,1,0,0.9992819433536397,0.9985638867072795,full_param_grid_football_a0.9_T06_h032_rho0.050_lr0.01_lam0.000100_bs16_ep600,False,football_score.xlsx,0.8126105722603058,11.0
football,-0.683771927,0.050963675,-1.115338092,-0.316199681,-1.089199103,1.174524898,0.919392606,2.574165618,-0.550626139,2.020255807,0.11276355,-0.401540622,0.745302001,1.049509811,0.162099816,-0.053871999,0.215683304,-0.159896951,-0.167636334,0.007956357,-0.146473546,0.085910568,0.081705355,0.012791958,-0.017719026,-0.012091351,8.11e-05,0.002488994,-0.000150827,-0.000281052,9.8e-05,4.15e-05,-1.36e-07,3.19e-17,0.9,0.09999999999999998,8,16,0.05,0.01,0.0001,600,32,2,14,10,10,0.5943185840236891,79.40968588227406,702.5,18.5,0.9756606397774688,0.9956198325665938,0.004380167431241942,0.9966914383285934,0.9933828766571868,1,0,0.9991728595821483,0.9983457191642967,full_param_grid_football_a0.9_T08_h016_rho0.050_lr0.01_lam0.000100_bs32_ep600,False,football_score.xlsx,0.8124412042487351,12.0
football,-0.683771927,0.050963675,-1.115338092,-0.316199681,-1.089199103,1.174524898,0.919392606,2.574165618,-0.550626139,2.020255807,0.11276355,-0.401540622,0.745302001,1.049509811,0.162099816,-0.053871999,0.215683304,-0.159896951,-0.167636334,0.007956357,-0.146473546,0.085910568,0.081705355,0.012791958,-0.017719026,-0.012091351,8.11e-05,0.002488994,-0.000150827,-0.000281052,9.8e-05,4.15e-05,-1.36e-07,3.19e-17,0.7,0.3,6,32,0.05,0.01,0.00033,600,32,2,14,10,11,0.5925235982744662,56.88573215110227,675.0,46.0,0.9374130737134909,0.9917349897889843,0.008265010208851434,0.9947744547407229,0.9895489094814458,0,0,0.9947744547407229,0.9895489094814458,full_param_grid_football_a0.7_T06_h032_rho0.050_lr0.01_lam0.000330_bs32_ep600,False,football_score.xlsx,0.8091098470747485,13.0
football,-0.683771927,0.050963675,-1.115338092,-0.316199681,-1.089199103,1.174524898,0.919392606,2.574165618,-0.550626139,2.020255807,0.11276355,-0.401540622,0.745302001,1.049509811,0.162099816,-0.053871999,0.215683304,-0.159896951,-0.167636334,0.007956357,-0.146473546,0.085910568,0.081705355,0.012791958,-0.017719026,-0.012091351,8.11e-05,0.002488994,-0.000150827,-0.000281052,9.8e-05,4.15e-05,-1.36e-07,3.19e-17,0.9,0.09999999999999998,6,48,0.05,0.01,0.0001,600,32,2,14,10,10,0.5829898155515697,64.28997866390273,342.0,379.0,0.4742698191933241,0.971101262211828,0.02889873778600775,0.4234169079269806,-0.1531661841460389,0,0,0.4234169079269806,-0.1531661841460389,full_param_grid_football_a0.9_T06_h048_rho0.050_lr0.01_lam0.000100_bs32_ep600,False,football_score.xlsx,0.8061525627180948,14.0
football,-0.683771927,0.050963675,-1.115338092,-0.316199681,-1.089199103,1.174524898,0.919392606,2.574165618,-0.550626139,2.020255807,0.11276355,-0.401540622,0.745302001,1.049509811,0.162099816,-0.053871999,0.215683304,-0.159896951,-0.167636334,0.007956357,-0.146473546,0.085910568,0.081705355,0.012791958,-0.017719026,-0.012091351,8.11e-05,0.002488994,-0.000150827,-0.000281052,9.8e-05,4.15e-05,-1.36e-07,3.19e-17,0.7,0.3,6,32,0.05,0.01,0.00066,600,16,2,14,10,9,0.5961149003776189,105.3810769771226,717.0,4.0,0.9958275382475661,0.9995075551387019,0.0004924448591338174,0.997400751959354,0.9948015039187079,1,0,0.9993501879898385,0.998700375979677,full_param_grid_football_a0.7_T06_h032_rho0.050_lr0.01_lam0.000660_bs16_ep600,False,football_score.xlsx,0.8018015069052263,15.0
football,-0.683771927,0.050963675,-1.115338092,-0.316199681,-1.089199103,1.174524898,0.919392606,2.574165618,-0.550626139,2.020255807,0.11276355,-0.401540622,0.745302001,1.049509811,0.162099816,-0.053871999,0.215683304,-0.159896951,-0.167636334,0.007956357,-0.146473546,0.085910568,0.081705355,0.012791958,-0.017719026,-0.012091351,8.11e-05,0.002488994,-0.000150827,-0.000281052,9.8e-05,4.15e-05,-1.36e-07,3.19e-17,0.9,0.09999999999999998,8,16,0.05,0.01,0.00033,600,32,2,14,10,10,0.5899701678424717,83.91663520876318,575.0,146.0,0.7983310152990264,0.9862086641475931,0.01379133585024264,0.9728795488737529,0.9457590977475059,0,0,0.9728795488737529,0.9457590977475059,full_param_grid_football_a0.9_T08_h016_rho0.050_lr0.01_lam0.000330_bs32_ep600,False,football_score.xlsx,0.7932228504232237,16.0
football,-0.683771927,0.050963675,-1.115338092,-0.316199681,-1.089199103,1.174524898,0.919392606,2.574165618,-0.550626139,2.020255807,0.11276355,-0.401540622,0.745302001,1.049509811,0.162099816,-0.053871999,0.215683304,-0.159896951,-0.167636334,0.007956357,-0.146473546,0.085910568,0.081705355,0.012791958,-0.017719026,-0.012091351,8.11e-05,0.002488994,-0.000150827,-0.000281052,9.8e-05,4.15e-05,-1.36e-07,3.19e-17,0.9,0.09999999999999998,6,32,0.05,0.02,0.00033,600,32,2,14,10,12,0.5903281005085511,64.38089518528432,607.5,113.5,0.8435326842837274,0.986983328867517,0.01301667113031873,0.984052736011916,0.968105472023832,0,0,0.984052736011916,0.968105472023832,full_param_grid_football_a0.9_T06_h032_rho0.050_lr0.02_lam0.000330_bs32_ep600,False,football_score.xlsx,0.7902536082016655,17.0
football,-0.683771927,0.050963675,-1.115338092,-0.316199681,-1.089199103,1.174524898,0.919392606,2.574165618,-0.550626139,2.020255807,0.11276355,-0.401540622,0.745302001,1.049509811,0.162099816,-0.053871999,0.215683304,-0.159896951,-0.167636334,0.007956357,-0.146473546,0.085910568,0.081705355,0.012791958,-0.017719026,-0.012091351,8.11e-05,0.002488994,-0.000150827,-0.000281052,9.8e-05,4.15e-05,-1.36e-07,3.19e-17,0.7,0.3,6,48,0.05,0.01,0.00033,600,16,2,14,10,11,0.5922894118461017,107.5704212691635,661.0,60.0,0.9179415855354659,0.9912281459573608,0.008771854040475051,0.993408094057672,0.9868161881153441,0,0,0.993408094057672,0.9868161881153441,full_param_grid_football_a0.7_T06_h048_rho0.050_lr0.01_lam0.000330_bs16_ep600,False,football_score.xlsx,0.7886919091142836,18.0
football,-0.683771927,0.050963675,-1.115338092,-0.316199681,-1.089199103,1.174524898,0.919392606,2.574165618,-0.550626139,2.020255807,0.11276355,-0.401540622,0.745302001,1.049509811,0.162099816,-0.053871999,0.215683304,-0.159896951,-0.167636334,0.007956357,-0.146473546,0.085910568,0.081705355,0.012791958,-0.017719026,-0.012091351,8.11e-05,0.002488994,-0.000150827,-0.000281052,9.8e-05,4.15e-05,-1.36e-07,3.19e-17,0.7,0.3,6,48,0.05,0.01,0.00066,600,16,2,14,10,9,0.5953178681583564,107.3100766870193,713.5,7.5,0.9909596662030598,0.9977825582344844,0.002217441763351375,0.9972448267980014,0.9944896535960028,1,0,0.9993112066995004,0.9986224133990007,full_param_grid_football_a0.7_T06_h048_rho0.050_lr0.01_lam0.000660_bs16_ep600,False,football_score.xlsx,0.7885813742299468,19.0
football,-0.683771927,0.050963675,-1.115338092,-0.316199681,-1.089199103,1.174524898,0.919392606,2.574165618,-0.550626139,2.020255807,0.11276355,-0.401540622,0.745302001,1.049509811,0.162099816,-0.053871999,0.215683304,-0.159896951,-0.167636334,0.007956357,-0.146473546,0.085910568,0.081705355,0.012791958,-0.017719026,-0.012091351,8.11e-05,0.002488994,-0.000150827,-0.000281052,9.8e-05,4.15e-05,-1.36e-07,3.19e-17,0.7,0.3,6,48,0.05,0.01,0.00033,600,32,2,14,10,11,0.5880394604131738,58.07636384107172,522.0,199.0,0.7246175243393602,0.9820300823312014,0.01796991766663435,0.9367552719289265,0.873510543857853,0,0,0.9367552719289265,0.873510543857853,full_param_grid_football_a0.7_T06_h048_rho0.050_lr0.01_lam0.000330_bs32_ep600,False,football_score.xlsx,0.7871882898727978,20.0
football,-0.683771927,0.050963675,-1.115338092,-0.316199681,-1.089199103,1.174524898,0.919392606,2.574165618,-0.550626139,2.020255807,0.11276355,-0.401540622,0.745302001,1.049509811,0.162099816,-0.053871999,0.215683304,-0.159896951,-0.167636334,0.007956357,-0.146473546,0.085910568,0.081705355,0.012791958,-0.017719026,-0.012091351,8.11e-05,0.002488994,-0.000150827,-0.000281052,9.8e-05,4.15e-05,-1.36e-07,3.19e-17,0.7,0.3,6,48,0.05,0.01,0.00066,600,32,2,14,10,11,0.5932793817478226,59.64696309622377,687.0,34.0,0.9541029207232267,0.9933707130637659,0.006629286934069868,0.9957188149387883,0.9914376298775767,1,0,0.9989297037346971,0.9978594074693942,full_param_grid_football_a0.7_T06_h048_rho0.050_lr0.01_lam0.000660_bs32_ep600,False,football_score.xlsx,0.7853157795975514,21.0
football,-0.683771927,0.050963675,-1.115338092,-0.316199681,-1.089199103,1.174524898,0.919392606,2.574165618,-0.550626139,2.020255807,0.11276355,-0.401540622,0.745302001,1.049509811,0.162099816,-0.053871999,0.215683304,-0.159896951,-0.167636334,0.007956357,-0.146473546,0.085910568,0.081705355,0.012791958,-0.017719026,-0.012091351,8.11e-05,0.002488994,-0.000150827,-0.000281052,9.8e-05,4.15e-05,-1.36e-07,3.19e-17,0.9,0.09999999999999998,6,16,0.05,0.02,0.00066,600,32,2,14,10,11,0.5890387445478409,56.79091564798728,552.0,169.0,0.7663421418636995,0.9841928079990915,0.01580719199874426,0.9606874646062336,0.9213749292124671,0,0,0.9606874646062336,0.9213749292124671,full_param_grid_football_a0.9_T06_h016_rho0.050_lr0.02_lam0.000660_bs32_ep600,False,football_score.xlsx,0.7810186542442439,22.0
football,-0.683771927,0.050963675,-1.115338092,-0.316199681,-1.089199103,1.174524898,0.919392606,2.574165618,-0.550626139,2.020255807,0.11276355,-0.401540622,0.745302001,1.049509811,0.162099816,-0.053871999,0.215683304,-0.159896951,-0.167636334,0.007956357,-0.146473546,0.085910568,0.081705355,0.012791958,-0.017719026,-0.012091351,8.11e-05,0.002488994,-0.000150827,-0.000281052,9.8e-05,4.15e-05,-1.36e-07,3.19e-17,0.9,0.09999999999999998,10,16,0.05,0.01,0.0001,600,32,2,14,10,12,0.5900021023554306,100.9213109910488,586.5,134.5,0.8143254520166898,0.986277779215542,0.01372222078229371,0.9775092891999483,0.9550185783998966,0,0,0.9775092891999483,0.9550185783998966,full_param_grid_football_a0.9_T10_h016_rho0.050_lr0.01_lam0.000100_bs32_ep600,False,football_score.xlsx,0.7793925307936687,23.0
football,-0.683771927,0.050963675,-1.115338092,-0.316199681,-1.089199103,1.174524898,0.919392606,2.574165618,-0.550626139,2.020255807,0.11276355,-0.401540622,0.745302001,1.049509811,0.162099816,-0.053871999,0.215683304,-0.159896951,-0.167636334,0.007956357,-0.146473546,0.085910568,0.081705355,0.012791958,-0.017719026,-0.012091351,8.11e-05,0.002488994,-0.000150827,-0.000281052,9.8e-05,4.15e-05,-1.36e-07,3.19e-17,0.7,0.3,6,16,0.05,0.01,0.00033,600,16,2,14,10,10,0.5882190920485669,107.2481961050071,528.0,193.0,0.7329624478442281,0.9824188545884126,0.0175811454094232,0.9424348462967168,0.8848696925934336,0,0,0.9424348462967168,0.8848696925934336,full_param_grid_football_a0.7_T06_h016_rho0.050_lr0.01_lam0.000330_bs16_ep600,False,football_score.xlsx,0.7726987841964241,24.0
football,-0.683771927,0.050963675,-1.115338092,-0.316199681,-1.089199103,1.174524898,0.919392606,2.574165618,-0.550626139,2.020255807,0.11276355,-0.401540622,0.745302001,1.049509811,0.162099816,-0.053871999,0.215683304,-0.159896951,-0.167636334,0.007956357,-0.146473546,0.085910568,0.081705355,0.012791958,-0.017719026,-0.012091351,8.11e-05,0.002488994,-0.000150827,-0.000281052,9.8e-05,4.15e-05,-1.36e-07,3.19e-17,0.7,0.3,6,48,0.05,0.01,0.0001,600,16,2,14,10,10,0.5876416096058957,107.3883340079337,510.0,211.0,0.7079276773296245,0.9811690237763414,0.01883097622149441,0.923799858695479,0.847599717390958,0,0,0.923799858695479,0.847599717390958,full_param_grid_football_a0.7_T06_h048_rho0.050_lr0.01_lam0.000100_bs16_ep600,False,football_score.xlsx,0.7673235097381003,25.0
football,-0.683771927,0.050963675,-1.115338092,-0.316199681,-1.089199103,1.174524898,0.919392606,2.574165618,-0.550626139,2.020255807,0.11276355,-0.401540622,0.745302001,1.049509811,0.162099816,-0.053871999,0.215683304,-0.159896951,-0.167636334,0.007956357,-0.146473546,0.085910568,0.081705355,0.012791958,-0.017719026,-0.012091351,8.11e-05,0.002488994,-0.000150827,-0.000281052,9.8e-05,4.15e-05,-1.36e-07,3.19e-17,0.9,0.09999999999999998,6,32,0.05,0.01,0.00033,600,16,2,14,10,10,0.5919900257871133,110.6120639750734,653.0,68.0,0.9068150208623088,0.9905801921953425,0.009419807802493232,0.9924735751815429,0.9849471503630858,0,0,0.9924735751815429,0.9849471503630858,full_param_grid_football_a0.9_T06_h032_rho0.050_lr0.01_lam0.000330_bs16_ep600,False,football_score.xlsx,0.7655385072120252,26.0
football,-0.683771927,0.050963675,-1.115338092,-0.316199681,-1.089199103,1.174524898,0.919392606,2.574165618,-0.550626139,2.020255807,0.11276355,-0.401540622,0.745302001,1.049509811,0.162099816,-0.053871999,0.215683304,-0.159896951,-0.167636334,0.007956357,-0.146473546,0.085910568,0.081705355,0.012791958,-0.017719026,-0.012091351,8.11e-05,0.002488994,-0.000150827,-0.000281052,9.8e-05,4.15e-05,-1.36e-07,3.19e-17,0.9,0.09999999999999998,8,32,0.05,0.02,0.0001,600,32,2,14,10,11,0.5885304535499146,80.43985971435905,537.0,184.0,0.7454798331015299,0.983092726500911,0.01690727349692477,0.9500626161820441,0.9001252323640883,0,0,0.9500626161820441,0.9001252323640883,full_param_grid_football_a0.9_T08_h032_rho0.050_lr0.02_lam0.000100_bs32_ep600,False,football_score.xlsx,0.7636106432834506,27.0
football,-0.683771927,0.050963675,-1.115338092,-0.316199681,-1.089199103,1.174524898,0.919392606,2.574165618,-0.550626139,2.020255807,0.11276355,-0.401540622,0.745302001,1.049509811,0.162099816,-0.053871999,0.215683304,-0.159896951,-0.167636334,0.007956357,-0.146473546,0.085910568,0.081705355,0.012791958,-0.017719026,-0.012091351,8.11e-05,0.002488994,-0.000150827,-0.000281052,9.8e-05,4.15e-05,-1.36e-07,3.19e-17,0.9,0.09999999999999998,8,16,0.05,0.02,0.00033,600,32,2,14,10,10,0.584708956832516,79.99314530706033,388.0,333.0,0.5382475660639777,0.9748219567030606,0.02517804329477515,0.6127699911951873,0.2255399823903745,0,0,0.6127699911951873,0.2255399823903745,full_param_grid_football_a0.9_T08_h016_rho0.050_lr0.02_lam0.000330_bs32_ep600,False,football_score.xlsx,0.7631447268747727,28.0
football,-0.683771927,0.050963675,-1.115338092,-0.316199681,-1.089199103,1.174524898,0.919392606,2.574165618,-0.550626139,2.020255807,0.11276355,-0.401540622,0.745302001,1.049509811,0.162099816,-0.053871999,0.215683304,-0.159896951,-0.167636334,0.007956357,-0.146473546,0.085910568,0.081705355,0.012791958,-0.017719026,-0.012091351,8.11e-05,0.002488994,-0.000150827,-0.000281052,9.8e-05,4.15e-05,-1.36e-07,3.19e-17,0.9,0.09999999999999998,6,32,0.05,0.02,0.00066,600,16,2,14,10,10,0.5772575704754722,112.8869550083764,240.0,481.0,0.3324061196105703,0.9586951075150534,0.04130489248278236,0.1180396448676487,-0.7639207102647027,0,0,0.1180396448676487,-0.7639207102647027,full_param_grid_football_a0.9_T06_h032_rho0.050_lr0.02_lam0.000660_bs16_ep600,False,football_score.xlsx,0.7619672448436873,29.0
football,-0.683771927,0.050963675,-1.115338092,-0.316199681,-1.089199103,1.174524898,0.919392606,2.574165618,-0.550626139,2.020255807,0.11276355,-0.401540622,0.745302001,1.049509811,0.162099816,-0.053871999,0.215683304,-0.159896951,-0.167636334,0.007956357,-0.146473546,0.085910568,0.081705355,0.012791958,-0.017719026,-0.012091351,8.11e-05,0.002488994,-0.000150827,-0.000281052,9.8e-05,4.15e-05,-1.36e-07,3.19e-17,0.9,0.09999999999999998,6,16,0.05,0.02,0.00066,600,16,2,14,10,12,0.5860874633085694,112.8630315707996,445.5,275.5,0.6182197496522949,0.9778054238028426,0.02219457619499313,0.8051246514238743,0.6102493028477487,0,0,0.8051246514238743,0.6102493028477487,full_param_grid_football_a0.9_T06_h016_rho0.050_lr0.02_lam0.000660_bs16_ep600,False,football_score.xlsx,0.7615817860328338,30.0
football,-0.683771927,0.050963675,-1.115338092,-0.316199681,-1.089199103,1.174524898,0.919392606,2.574165618,-0.550626139,2.020255807,0.11276355,-0.401540622,0.745302001,1.049509811,0.162099816,-0.053871999,0.215683304,-0.159896951,-0.167636334,0.007956357,-0.146473546,0.085910568,0.081705355,0.012791958,-0.017719026,-0.012091351,8.11e-05,0.002488994,-0.000150827,-0.000281052,9.8e-05,4.15e-05,-1.36e-07,3.19e-17,0.9,0.09999999999999998,6,16,0.05,0.02,0.00033,600,16,2,14,10,11,0.588237720514459,109.5892040203325,530.0,191.0,0.7357440890125174,0.9824591717113814,0.01754082828645435,0.9442192236866707,0.8884384473733413,0,0,0.9442192236866707,0.8884384473733413,full_param_grid_football_a0.9_T06_h016_rho0.050_lr0.02_lam0.000330_bs16_ep600,False,football_score.xlsx,0.7606434850515501,31.0
football,-0.683771927,0.050963675,-1.115338092,-0.316199681,-1.089199103,1.174524898,0.919392606,2.574165618,-0.550626139,2.020255807,0.11276355,-0.401540622,0.745302001,1.049509811,0.162099816,-0.053871999,0.215683304,-0.159896951,-0.167636334,0.007956357,-0.146473546,0.085910568,0.081705355,0.012791958,-0.017719026,-0.012091351,8.11e-05,0.002488994,-0.000150827,-0.000281052,9.8e-05,4.15e-05,-1.36e-07,3.19e-17,0.7,0.3,6,32,0.05,0.02,0.00033,600,32,2,14,10,10,0.5934896172914683,56.07843338977545,691.0,30.0,0.9596662030598053,0.9938257205944288,0.006174279403406984,0.9959941852910611,0.9919883705821222,1,0,0.9989985463227653,0.9979970926455306,full_param_grid_football_a0.7_T06_h032_rho0.050_lr0.02_lam0.000330_bs32_ep600,False,football_score.xlsx,0.7598340600768845,32.0
football,-0.683771927,0.050963675,-1.115338092,-0.316199681,-1.089199103,1.174524898,0.919392606,2.574165618,-0.550626139,2.020255807,0.11276355,-0.401540622,0.745302001,1.049509811,0.162099816,-0.053871999,0.215683304,-0.159896951,-0.167636334,0.007956357,-0.146473546,0.085910568,0.081705355,0.012791958,-0.017719026,-0.012091351,8.11e-05,0.002488994,-0.000150827,-0.000281052,9.8e-05,4.15e-05,-1.36e-07,3.19e-17,0.9,0.09999999999999998,6,16,0.05,0.01,0.0001,600,32,2,14,10,12,0.5900021023554306,56.80772462394089,586.5,134.5,0.8143254520166898,0.986277779215542,0.01372222078229371,0.9775092891999483,0.9550185783998966,0,0,0.9775092891999483,0.9550185783998966,full_param_grid_football_a0.9_T06_h016_rho0.050_lr0.01_lam0.000100_bs32_ep600,False,football_score.xlsx,0.7551433082880843,33.0
football,-0.683771927,0.050963675,-1.115338092,-0.316199681,-1.089199103,1.174524898,0.919392606,2.574165618,-0.550626139,2.020255807,0.11276355,-0.401540622,0.745302001,1.049509811,0.162099816,-0.053871999,0.215683304,-0.159896951,-0.167636334,0.007956357,-0.146473546,0.085910568,0.081705355,0.012791958,-0.017719026,-0.012091351,8.11e-05,0.002488994,-0.000150827,-0.000281052,9.8e-05,4.15e-05,-1.36e-07,3.19e-17,0.9,0.09999999999999998,6,32,0.05,0.01,0.00066,600,32,2,14,10,9,0.5928110088910933,58.07634174404666,683.0,38.0,0.9485396383866481,0.992357025400518,0.007642974597317824,0.9954246018556588,0.9908492037113177,0,0,0.9954246018556588,0.9908492037113177,full_param_grid_football_a0.9_T06_h032_rho0.050_lr0.01_lam0.000660_bs32_ep600,False,football_score.xlsx,0.7530701289946438,34.0
football,-0.683771927,0.050963675,-1.115338092,-0.316199681,-1.089199103,1.174524898,0.919392606,2.574165618,-0.550626139,2.020255807,0.11276355,-0.401540622,0.745302001,1.049509811,0.162099816,-0.053871999,0.215683304,-0.159896951,-0.167636334,0.007956357,-0.146473546,0.085910568,0.081705355,0.012791958,-0.017719026,-0.012091351,8.11e-05,0.002488994,-0.000150827,-0.000281052,9.8e-05,4.15e-05,-1.36e-07,3.19e-17,0.9,0.09999999999999998,8,16,0.05,0.02,0.0001,600,32,2,14,10,11,0.5922894118461017,82.19340112293139,661.0,60.0,0.9179415855354659,0.9912281459573608,0.008771854040475051,0.993408094057672,0.9868161881153441,0,0,0.993408094057672,0.9868161881153441,full_param_grid_football_a0.9_T08_h016_rho0.050_lr0.02_lam0.000100_bs32_ep600,False,football_score.xlsx,0.751282627496843,35.0
football,-0.683771927,0.050963675,-1.115338092,-0.316199681,-1.089199103,1.174524898,0.919392606,2.574165618,-0.550626139,2.020255807,0.11276355,-0.401540622,0.745302001,1.049509811,0.162099816,-0.053871999,0.215683304,-0.159896951,-0.167636334,0.007956357,-0.146473546,0.085910568,0.081705355,0.012791958,-0.017719026,-0.012091351,8.11e-05,0.002488994,-0.000150827,-0.000281052,9.8e-05,4.15e-05,-1.36e-07,3.19e-17,0.9,0.09999999999999998,6,32,0.05,0.02,0.00033,600,16,2,14,10,12,0.5900021023554306,109.3767556520179,586.5,134.5,0.8143254520166898,0.986277779215542,0.01372222078229371,0.9775092891999483,0.9550185783998966,0,0,0.9775092891999483,0.9550185783998966,full_param_grid_football_a0.9_T06_h032_rho0.050_lr0.02_lam0.000330_bs16_ep600,False,football_score.xlsx,0.7480726009315647,36.0
football,-0.683771927,0.050963675,-1.115338092,-0.316199681,-1.089199103,1.174524898,0.919392606,2.574165618,-0.550626139,2.020255807,0.11276355,-0.401540622,0.745302001,1.049509811,0.162099816,-0.053871999,0.215683304,-0.159896951,-0.167636334,0.007956357,-0.146473546,0.085910568,0.081705355,0.012791958,-0.017719026,-0.012091351,8.11e-05,0.002488994,-0.000150827,-0.000281052,9.8e-05,4.15e-05,-1.36e-07,3.19e-17,0.7,0.3,6,32,0.05,0.02,0.00033,600,16,2,14,10,10,0.594274674068371,106.7071893988177,700.0,21.0,0.972183588317107,0.9955247993481648,0.004475200649670875,0.9965509555795737,0.9931019111591475,1,0,0.9991377388948934,0.9982754777897869,full_param_grid_football_a0.7_T06_h032_rho0.050_lr0.02_lam0.000330_bs16_ep600,False,football_score.xlsx,0.7467917622713841,37.0
football,-0.683771927,0.050963675,-1.115338092,-0.316199681,-1.089199103,1.174524898,0.919392606,2.574165618,-0.550626139,2.020255807,0.11276355,-0.401540622,0.745302001,1.049509811,0.162099816,-0.053871999,0.215683304,-0.159896951,-0.167636334,0.007956357,-0.146473546,0.085910568,0.081705355,0.012791958,-0.017719026,-0.012091351,8.11e-05,0.002488994,-0.000150827,-0.000281052,9.8e-05,4.15e-05,-1.36e-07,3.19e-17,0.7,0.3,6,48,0.05,0.02,0.00033,600,32,2,14,10,10,0.5850362855903436,56.99547348823398,401.0,320.0,0.5563282336578581,0.9755303861495345,0.0244696138483013,0.6628316786135859,0.3256633572271719,0,0,0.6628316786135859,0.3256633572271719,full_param_grid_football_a0.7_T06_h048_rho0.050_lr0.02_lam0.000330_bs32_ep600,False,football_score.xlsx,0.744708765313283,38.0
football,-0.683771927,0.050963675,-1.115338092,-0.316199681,-1.089199103,1.174524898,0.919392606,2.574165618,-0.550626139,2.020255807,0.11276355,-0.401540622,0.745302001,1.049509811,0.162099816,-0.053871999,0.215683304,-0.159896951,-0.167636334,0.007956357,-0.146473546,0.085910568,0.081705355,0.012791958,-0.017719026,-0.012091351,8.11e-05,0.002488994,-0.000150827,-0.000281052,9.8e-05,4.15e-05,-1.36e-07,3.19e-17,0.7,0.3,8,16,0.05,0.02,0.0001,600,32,2,14,10,8,0.5885823471334708,80.81284079700708,542.0,179.0,0.7524339360222532,0.9832050384863236,0.01679496151151221,0.953876306664464,0.907752613328928,0,0,0.953876306664464,0.907752613328928,full_param_grid_football_a0.7_T08_h016_rho0.050_lr0.02_lam0.000100_bs32_ep600,False,football_score.xlsx,0.7407430801153383,39.0
football,-0.683771927,0.050963675,-1.115338092,-0.316199681,-1.089199103,1.174524898,0.919392606,2.574165618,-0.550626139,2.020255807,0.11276355,-0.401540622,0.745302001,1.049509811,0.162099816,-0.053871999,0.215683304,-0.159896951,-0.167636334,0.007956357,-0.146473546,0.085910568,0.081705355,0.012791958,-0.017719026,-0.012091351,8.11e-05,0.002488994,-0.000150827,-0.000281052,9.8e-05,4.15e-05,-1.36e-07,3.19e-17,0.7,0.3,6,48,0.05,0.02,0.00066,600,16,2,14,10,11,0.5922894118461017,109.5781308347359,661.0,60.0,0.9179415855354659,0.9912281459573608,0.008771854040475051,0.993408094057672,0.9868161881153441,0,0,0.993408094057672,0.9868161881153441,full_param_grid_football_a0.7_T06_h048_rho0.050_lr0.02_lam0.000660_bs16_ep600,False,football_score.xlsx,0.7400144536106326,40.0
football,-0.683771927,0.050963675,-1.115338092,-0.316199681,-1.089199103,1.174524898,0.919392606,2.574165618,-0.550626139,2.020255807,0.11276355,-0.401540622,0.745302001,1.049509811,0.162099816,-0.053871999,0.215683304,-0.159896951,-0.167636334,0.007956357,-0.146473546,0.085910568,0.081705355,0.012791958,-0.017719026,-0.012091351,8.11e-05,0.002488994,-0.000150827,-0.000281052,9.8e-05,4.15e-05,-1.36e-07,3.19e-17,0.9,0.09999999999999998,6,48,0.05,0.01,0.00066,600,16,2,14,10,12,0.5900021023554306,110.7748468550853,586.5,134.5,0.8143254520166898,0.986277779215542,0.01372222078229371,0.9775092891999483,0.9550185783998966,0,0,0.9775092891999483,0.9550185783998966,full_param_grid_football_a0.9_T06_h048_rho0.050_lr0.01_lam0.000660_bs16_ep600,False,football_score.xlsx,0.7388748262624324,41.0
football,-0.683771927,0.050963675,-1.115338092,-0.316199681,-1.089199103,1.174524898,0.919392606,2.574165618,-0.550626139,2.020255807,0.11276355,-0.401540622,0.745302001,1.049509811,0.162099816,-0.053871999,0.215683304,-0.159896951,-0.167636334,0.007956357,-0.146473546,0.085910568,0.081705355,0.012791958,-0.017719026,-0.012091351,8.11e-05,0.002488994,-0.000150827,-0.000281052,9.8e-05,4.15e-05,-1.36e-07,3.19e-17,0.7,0.3,6,16,0.05,0.01,0.00033,600,32,2,14,10,8,0.5885663798769909,56.50823806459084,539.0,182.0,0.7482614742698191,0.9831704809523482,0.01682951904548764,0.9516226886736302,0.9032453773472604,0,0,0.9516226886736302,0.9032453773472604,full_param_grid_football_a0.7_T06_h016_rho0.050_lr0.01_lam0.000330_bs32_ep600,False,football_score.xlsx,0.7296624438871758,42.0
football,-0.683771927,0.050963675,-1.115338092,-0.316199681,-1.089199103,1.174524898,0.919392606,2.574165618,-0.550626139,2.020255807,0.11276355,-0.401540622,0.745302001,1.049509811,0.162099816,-0.053871999,0.215683304,-0.159896951,-0.167636334,0.007956357,-0.146473546,0.085910568,0.081705355,0.012791958,-0.017719026,-0.012091351,8.11e-05,0.002488994,-0.000150827,-0.000281052,9.8e-05,4.15e-05,-1.36e-07,3.19e-17,0.9,0.09999999999999998,8,32,0.05,0.02,0.00033,600,32,2,14,10,9,0.5876722135141467,79.59103100886568,511.0,210.0,0.7093184979137691,0.9812352590497895,0.01876474094804628,0.9249664399522284,0.8499328799044568,0,0,0.9249664399522284,0.8499328799044568,full_param_grid_football_a0.9_T08_h032_rho0.050_lr0.02_lam0.000330_bs32_ep600,False,football_score.xlsx,0.7245515777736883,43.0
football,-0.683771927,0.050963675,-1.115338092,-0.316199681,-1.089199103,1.174524898,0.919392606,2.574165618,-0.550626139,2.020255807,0.11276355,-0.401540622,0.745302001,1.049509811,0.162099816,-0.053871999,0.215683304,-0.159896951,-0.167636334,0.007956357,-0.146473546,0.085910568,0.081705355,0.012791958,-0.017719026,-0.012091351,8.11e-05,0.002488994,-0.000150827,-0.000281052,9.8e-05,4.15e-05,-1.36e-07,3.19e-17,0.7,0.3,8,48,0.05,0.01,0.0001,600,32,2,14,10,12,0.5860874633085694,79.99423118820414,445.5,275.5,0.6182197496522949,0.9778054238028426,0.02219457619499313,0.8051246514238743,0.6102493028477487,0,0,0.8051246514238743,0.6102493028477487,full_param_grid_football_a0.7_T08_h048_rho0.050_lr0.01_lam0.000100_bs32_ep600,False,football_score.xlsx,0.7214506776005032,44.0
football,-0.683771927,0.050963675,-1.115338092,-0.316199681,-1.089199103,1.174524898,0.919392606,2.574165618,-0.550626139,2.020255807,0.11276355,-0.401540622,0.745302001,1.049509811,0.162099816,-0.053871999,0.215683304,-0.159896951,-0.167636334,0.007956357,-0.146473546,0.085910568,0.081705355,0.012791958,-0.017719026,-0.012091351,8.11e-05,0.002488994,-0.000150827,-0.000281052,9.8e-05,4.15e-05,-1.36e-07,3.19e-17,0.7,0.3,6,16,0.05,0.01,0.0001,600,32,2,14,10,10,0.5911890017537305,56.00065114488825,641.5,79.5,0.8908205841446454,0.9888465559076303,0.01115344409020549,0.9908955606863261,0.9817911213726522,0,0,0.9908955606863261,0.9817911213726522,full_param_grid_football_a0.7_T06_h016_rho0.050_lr0.01_lam0.000100_bs32_ep600,False,football_score.xlsx,0.720047428526586,45.0
football,-0.683771927,0.050963675,-1.115338092,-0.316199681,-1.089199103,1.174524898,0.919392606,2.574165618,-0.550626139,2.020255807,0.11276355,-0.401540622,0.745302001,1.049509811,0.162099816,-0.053871999,0.215683304,-0.159896951,-0.167636334,0.007956357,-0.146473546,0.085910568,0.081705355,0.012791958,-0.017719026,-0.012091351,8.11e-05,0.002488994,-0.000150827,-0.000281052,9.8e-05,4.15e-05,-1.36e-07,3.19e-17,0.7,0.3,6,32,0.05,0.01,0.0001,600,32,2,14,10,11,0.5925235982744662,56.70306994579732,675.0,46.0,0.9374130737134909,0.9917349897889843,0.008265010208851434,0.9947744547407229,0.9895489094814458,0,0,0.9947744547407229,0.9895489094814458,full_param_grid_football_a0.7_T06_h032_rho0.050_lr0.01_lam0.000100_bs32_ep600,False,football_score.xlsx,0.718985101309374,46.0
football,-0.683771927,0.050963675,-1.115338092,-0.316199681,-1.089199103,1.174524898,0.919392606,2.574165618,-0.550626139,2.020255807,0.11276355,-0.401540622,0.745302001,1.049509811,0.162099816,-0.053871999,0.215683304,-0.159896951,-0.167636334,0.007956357,-0.146473546,0.085910568,0.081705355,0.012791958,-0.017719026,-0.012091351,8.11e-05,0.002488994,-0.000150827,-0.000281052,9.8e-05,4.15e-05,-1.36e-07,3.19e-17,0.9,0.09999999999999998,6,16,0.05,0.01,0.0001,600,16,2,14,10,11,0.5890387445478409,110.5831262338907,552.0,169.0,0.7663421418636995,0.9841928079990915,0.01580719199874426,0.9606874646062336,0.9213749292124671,0,0,0.9606874646062336,0.9213749292124671,full_param_grid_football_a0.9_T06_h016_rho0.050_lr0.01_lam0.000100_bs16_ep600,False,football_score.xlsx,0.7149030100529205,47.0
football,-0.683771927,0.050963675,-1.115338092,-0.316199681,-1.089199103,1.174524898,0.919392606,2.574165618,-0.550626139,2.020255807,0.11276355,-0.401540622,0.745302001,1.049509811,0.162099816,-0.053871999,0.215683304,-0.159896951,-0.167636334,0.007956357,-0.146473546,0.085910568,0.081705355,0.012791958,-0.017719026,-0.012091351,8.11e-05,0.002488994,-0.000150827,-0.000281052,9.8e-05,4.15e-05,-1.36e-07,3.19e-17,0.7,0.3,6,48,0.05,0.02,0.00066,600,32,2,14,10,10,0.5872450894033243,59.25903275376186,491.0,230.0,0.6815020862308763,0.9803108450159792,0.01968915498185656,0.8982587219615433,0.7965174439230867,0,0,0.8982587219615433,0.7965174439230867,full_param_grid_football_a0.7_T06_h048_rho0.050_lr0.02_lam0.000660_bs32_ep600,False,football_score.xlsx,0.7140616565470701,48.0
football,-0.683771927,0.050963675,-1.115338092,-0.316199681,-1.089199103,1.174524898,0.919392606,2.574165618,-0.550626139,2.020255807,0.11276355,-0.401540622,0.745302001,1.049509811,0.162099816,-0.053871999,0.215683304,-0.159896951,-0.167636334,0.007956357,-0.146473546,0.085910568,0.081705355,0.012791958,-0.017719026,-0.012091351,8.11e-05,0.002488994,-0.000150827,-0.000281052,9.8e-05,4.15e-05,-1.36e-07,3.19e-17,0.7,0.3,6,16,0.05,0.02,0.00033,600,32,2,14,10,11,0.592296064869635,56.98520587384701,668.0,53.0,0.9276773296244785,0.9912425449298505,0.00875745506798525,0.9941306687534173,0.9882613375068345,0,0,0.9941306687534173,0.9882613375068345,full_param_grid_football_a0.7_T06_h016_rho0.050_lr0.02_lam0.000330_bs32_ep600,False,football_score.xlsx,0.7124514598323485,49.0
football,-0.683771927,0.050963675,-1.115338092,-0.316199681,-1.089199103,1.174524898,0.919392606,2.574165618,-0.550626139,2.020255807,0.11276355,-0.401540622,0.745302001,1.049509811,0.162099816,-0.053871999,0.215683304,-0.159896951,-0.167636334,0.007956357,-0.146473546,0.085910568,0.081705355,0.012791958,-0.017719026,-0.012091351,8.11e-05,0.002488994,-0.000150827,-0.000281052,9.8e-05,4.15e-05,-1.36e-07,3.19e-17,0.7,0.3,6,16,0.05,0.02,0.00066,600,32,2,14,10,11,0.5915283059539178,58.09268705127761,649.0,72.0,0.9012517385257302,0.9895809035045854,0.01041909649325043,0.9919581428176509,0.9839162856353019,0,0,0.9919581428176509,0.9839162856353019,full_param_grid_football_a0.7_T06_h016_rho0.050_lr0.02_lam0.000660_bs32_ep600,False,football_score.xlsx,0.7075283880220055,50.0
football,-0.683771927,0.050963675,-1.115338092,-0.316199681,-1.089199103,1.174524898,0.919392606,2.574165618,-0.550626139,2.020255807,0.11276355,-0.401540622,0.745302001,1.049509811,0.162099816,-0.053871999,0.215683304,-0.159896951,-0.167636334,0.007956357,-0.146473546,0.085910568,0.081705355,0.012791958,-0.017719026,-0.012091351,8.11e-05,0.002488994,-0.000150827,-0.000281052,9.8e-05,4.15e-05,-1.36e-07,3.19e-17,0.9,0.09999999999999998,6,16,0.05,0.02,0.0001,600,32,2,14,10,8,0.5934510297549747,56.4791999720037,688.0,33.0,0.9554937413073713,0.9937422065539869,0.006257793443848834,0.9957893759395579,0.9915787518791157,1,0,0.9989473439848895,0.997894687969779,full_param_grid_football_a0.9_T06_h016_rho0.050_lr0.02_lam0.000100_bs32_ep600,False,football_score.xlsx,0.705121137932632,51.0
football,-0.683771927,0.050963675,-1.115338092,-0.316199681,-1.089199103,1.174524898,0.919392606,2.574165618,-0.550626139,2.020255807,0.11276355,-0.401540622,0.745302001,1.049509811,0.162099816,-0.053871999,0.215683304,-0.159896951,-0.167636334,0.007956357,-0.146473546,0.085910568,0.081705355,0.012791958,-0.017719026,-0.012091351,8.11e-05,0.002488994,-0.000150827,-0.000281052,9.8e-05,4.15e-05,-1.36e-07,3.19e-17,0.7,0.3,6,32,0.05,0.02,0.0001,600,32,2,14,10,12,0.5870508211161585,56.70538830989972,483.5,237.5,0.6710709318497914,0.9798903950192918,0.02010960497854402,0.8862353979469381,0.7724707958938761,0,0,0.8862353979469381,0.7724707958938761,full_param_grid_football_a0.7_T06_h032_rho0.050_lr0.02_lam0.000100_bs32_ep600,False,football_score.xlsx,0.7034145360702886,52.0
football,-0.683771927,0.050963675,-1.115338092,-0.316199681,-1.089199103,1.174524898,0.919392606,2.574165618,-0.550626139,2.020255807,0.11276355,-0.401540622,0.745302001,1.049509811,0.162099816,-0.053871999,0.215683304,-0.159896951,-0.167636334,0.007956357,-0.146473546,0.085910568,0.081705355,0.012791958,-0.017719026,-0.012091351,8.11e-05,0.002488994,-0.000150827,-0.000281052,9.8e-05,4.15e-05,-1.36e-07,3.19e-17,0.9,0.09999999999999998,6,48,0.05,0.01,0.0001,600,16,2,14,10,11,0.5847661728349007,107.7874898640439,391.0,330.0,0.5424200278164116,0.9749457878664691,0.02505421213136662,0.6245814793770811,0.2491629587541622,0,0,0.6245814793770811,0.2491629587541622,full_param_grid_football_a0.9_T06_h048_rho0.050_lr0.01_lam0.000100_bs16_ep600,False,football_score.xlsx,0.702954215260231,53.0
football,-0.683771927,0.050963675,-1.115338092,-0.316199681,-1.089199103,1.174524898,0.919392606,2.574165618,-0.550626139,2.020255807,0.11276355,-0.401540622,0.745302001,1.049509811,0.162099816,-0.053871999,0.215683304,-0.159896951,-0.167636334,0.007956357,-0.146473546,0.085910568,0.081705355,0.012791958,-0.017719026,-0.012091351,8.11e-05,0.002488994,-0.000150827,-0.000281052,9.8e-05,4.15e-05,-1.36e-07,3.19e-17,0.7,0.3,6,48,0.05,0.01,0.0001,600,32,2,14,10,11,0.592296064869635,56.50785844493657,668.0,53.0,0.9276773296244785,0.9912425449298505,0.00875745506798525,0.9941306687534173,0.9882613375068345,0,0,0.9941306687534173,0.9882613375068345,full_param_grid_football_a0.7_T06_h048_rho0.050_lr0.01_lam0.000100_bs32_ep600,False,football_score.xlsx,0.7000486922946596,54.0
football,-0.683771927,0.050963675,-1.115338092,-0.316199681,-1.089199103,1.174524898,0.919392606,2.574165618,-0.550626139,2.020255807,0.11276355,-0.401540622,0.745302001,1.049509811,0.162099816,-0.053871999,0.215683304,-0.159896951,-0.167636334,0.007956357,-0.146473546,0.085910568,0.081705355,0.012791958,-0.017719026,-0.012091351,8.11e-05,0.002488994,-0.000150827,-0.000281052,9.8e-05,4.15e-05,-1.36e-07,3.19e-17,0.7,0.3,6,32,0.05,0.02,0.00066,600,32,2,14,10,10,0.5790645316670557,58.12490337714553,267.0,454.0,0.3699582753824757,0.962605868443146,0.03739413155468974,0.1735748122272231,-0.6528503755455539,0,0,0.173574812227223,-0.6528503755455539,full_param_grid_football_a0.7_T06_h032_rho0.050_lr0.02_lam0.000660_bs32_ep600,False,football_score.xlsx,0.6997291560147257,55.0
football,-0.683771927,0.050963675,-1.115338092,-0.316199681,-1.089199103,1.174524898,0.919392606,2.574165618,-0.550626139,2.020255807,0.11276355,-0.401540622,0.745302001,1.049509811,0.162099816,-0.053871999,0.215683304,-0.159896951,-0.167636334,0.007956357,-0.146473546,0.085910568,0.081705355,0.012791958,-0.017719026,-0.012091351,8.11e-05,0.002488994,-0.000150827,-0.000281052,9.8e-05,4.15e-05,-1.36e-07,3.19e-17,0.9,0.09999999999999998,6,32,0.05,0.02,0.00066,600,32,2,14,10,11,0.5925235982744662,57.77859407104552,675.0,46.0,0.9374130737134909,0.9917349897889843,0.008265010208851434,0.9947744547407229,0.9895489094814458,0,0,0.9947744547407229,0.9895489094814458,full_param_grid_football_a0.9_T06_h032_rho0.050_lr0.02_lam0.000660_bs32_ep600,False,football_score.xlsx,0.6966858875357997,56.0
football,-0.683771927,0.050963675,-1.115338092,-0.316199681,-1.089199103,1.174524898,0.919392606,2.574165618,-0.550626139,2.020255807,0.11276355,-0.401540622,0.745302001,1.049509811,0.162099816,-0.053871999,0.215683304,-0.159896951,-0.167636334,0.007956357,-0.146473546,0.085910568,0.081705355,0.012791958,-0.017719026,-0.012091351,8.11e-05,0.002488994,-0.000150827,-0.000281052,9.8e-05,4.15e-05,-1.36e-07,3.19e-17,0.7,0.3,6,32,0.05,0.02,0.00066,600,16,2,14,10,10,0.5925675082297843,105.0987196271308,678.0,43.0,0.9415855354659249,0.9918300230074133,0.0081699769904225,0.9950283844965206,0.9900567689930413,0,0,0.9950283844965206,0.9900567689930413,full_param_grid_football_a0.7_T06_h032_rho0.050_lr0.02_lam0.000660_bs16_ep600,False,football_score.xlsx,0.695406498198984,57.0
football,-0.683771927,0.050963675,-1.115338092,-0.316199681,-1.089199103,1.174524898,0.919392606,2.574165618,-0.550626139,2.020255807,0.11276355,-0.401540622,0.745302001,1.049509811,0.162099816,-0.053871999,0.215683304,-0.159896951,-0.167636334,0.007956357,-0.146473546,0.085910568,0.081705355,0.012791958,-0.017719026,-0.012091351,8.11e-05,0.002488994,-0.000150827,-0.000281052,9.8e-05,4.15e-05,-1.36e-07,3.19e-17,0.9,0.09999999999999998,6,48,0.05,0.01,0.00033,600,32,2,14,10,12,0.5820889961651914,61.57218720670789,317.0,404.0,0.4394993045897079,0.9691516413367779,0.03084835866105787,0.3260712791092814,-0.3478574417814372,0,0,0.3260712791092814,-0.3478574417814372,full_param_grid_football_a0.9_T06_h048_rho0.050_lr0.01_lam0.000330_bs32_ep600,False,football_score.xlsx,0.6952380033747512,58.0
football,-0.683771927,0.050963675,-1.115338092,-0.316199681,-1.089199103,1.174524898,0.919392606,2.574165618,-0.550626139,2.020255807,0.11276355,-0.401540622,0.745302001,1.049509811,0.162099816,-0.053871999,0.215683304,-0.159896951,-0.167636334,0.007956357,-0.146473546,0.085910568,0.081705355,0.012791958,-0.017719026,-0.012091351,8.11e-05,0.002488994,-0.000150827,-0.000281052,9.8e-05,4.15e-05,-1.36e-07,3.19e-17,0.9,0.09999999999999998,8,16,0.05,0.01,0.0001,600,16,2,14,10,9,0.5948242138122023,148.0863242810592,707.0,14.0,0.9819193324061196,0.996714154475779,0.003285845522056775,0.9969300887358347,0.9938601774716693,1,0,0.9992325221839586,0.9984650443679173,full_param_grid_football_a0.9_T08_h016_rho0.050_lr0.01_lam0.000100_bs16_ep600,False,football_score.xlsx,0.6949082231298811,59.0
football,-0.683771927,0.050963675,-1.115338092,-0.316199681,-1.089199103,1.174524898,0.919392606,2.574165618,-0.550626139,2.020255807,0.11276355,-0.401540622,0.745302001,1.049509811,0.162099816,-0.053871999,0.215683304,-0.159896951,-0.167636334,0.007956357,-0.146473546,0.085910568,0.081705355,0.012791958,-0.017719026,-0.012091351,8.11e-05,0.002488994,-0.000150827,-0.000281052,9.8e-05,4.15e-05,-1.36e-07,3.19e-17,0.9,0.09999999999999998,6,16,0.05,0.02,0.0001,600,16,2,14,10,9,0.589235674044419,108.2602942627855,561.0,160.0,0.7788595271210014,0.9846190175847727,0.01538098241306314,0.965983936144667,0.9319678722893341,0,0,0.965983936144667,0.9319678722893341,full_param_grid_football_a0.9_T06_h016_rho0.050_lr0.02_lam0.000100_bs16_ep600,False,football_score.xlsx,0.6947420133010138,60.0
football,-0.683771927,0.050963675,-1.115338092,-0.316199681,-1.089199103,1.174524898,0.919392606,2.574165618,-0.550626139,2.020255807,0.11276355,-0.401540622,0.745302001,1.049509811,0.162099816,-0.053871999,0.215683304,-0.159896951,-0.167636334,0.007956357,-0.146473546,0.085910568,0.081705355,0.012791958,-0.017719026,-0.012091351,8.11e-05,0.002488994,-0.000150827,-0.000281052,9.8e-05,4.15e-05,-1.36e-07,3.19e-17,0.7,0.3,6,32,0.05,0.01,0.00066,600,32,2,14,10,11,0.5907898203417467,58.53748053591698,626.5,94.5,0.8699582753824756,0.9879826175582742,0.01201738243956154,0.9883358127724953,0.9766716255449905,0,0,0.9883358127724953,0.9766716255449905,full_param_grid_football_a0.7_T06_h032_rho0.050_lr0.01_lam0.000660_bs32_ep600,False,football_score.xlsx,0.6926891138536948,61.0
football,-0.683771927,0.050963675,-1.115338092,-0.316199681,-1.089199103,1.174524898,0.919392606,2.574165618,-0.550626139,2.020255807,0.11276355,-0.401540622,0.745302001,1.049509811,0.162099816,-0.053871999,0.215683304,-0.159896951,-0.167636334,0.007956357,-0.146473546,0.085910568,0.081705355,0.012791958,-0.017719026,-0.012091351,8.11e-05,0.002488994,-0.000150827,-0.000281052,9.8e-05,4.15e-05,-1.36e-07,3.19e-17,0.7,0.3,6,16,0.05,0.01,0.0001,600,16,2,14,10,10,0.5894006690280408,106.593749195803,567.0,154.0,0.7872044506258693,0.9849761121025103,0.01502388789532542,0.9691251974804251,0.9382503949608503,0,0,0.9691251974804251,0.9382503949608503,full_param_grid_football_a0.7_T06_h016_rho0.050_lr0.01_lam0.000100_bs16_ep600,False,football_score.xlsx,0.6882884066231014,62.0
football,-0.683771927,0.050963675,-1.115338092,-0.316199681,-1.089199103,1.174524898,0.919392606,2.574165618,-0.550626139,2.020255807,0.11276355,-0.401540622,0.745302001,1.049509811,0.162099816,-0.053871999,0.215683304,-0.159896951,-0.167636334,0.007956357,-0.146473546,0.085910568,0.081705355,0.012791958,-0.017719026,-0.012091351,8.11e-05,0.002488994,-0.000150827,-0.000281052,9.8e-05,4.15e-05,-1.36e-07,3.19e-17,0.7,0.3,8,32,0.05,0.02,0.0001,600,32,2,14,10,9,0.5770925754918494,78.89935994008556,236.0,485.0,0.3268428372739917,0.9583380129973136,0.04166198700052224,0.1112648424966731,-0.7774703150066538,0,0,0.1112648424966731,-0.7774703150066538,full_param_grid_football_a0.7_T08_h032_rho0.050_lr0.02_lam0.000100_bs32_ep600,False,football_score.xlsx,0.6874890789955782,63.0
football,-0.683771927,0.050963675,-1.115338092,-0.316199681,-1.089199103,1.174524898,0.919392606,2.574165618,-0.550626139,2.020255807,0.11276355,-0.401540622,0.745302001,1.049509811,0.162099816,-0.053871999,0.215683304,-0.159896951,-0.167636334,0.007956357,-0.146473546,0.085910568,0.081705355,0.012791958,-0.017719026,-0.012091351,8.11e-05,0.002488994,-0.000150827,-0.000281052,9.8e-05,4.15e-05,-1.36e-07,3.19e-17,0.9,0.09999999999999998,8,32,0.05,0.01,0.00033,600,16,2,14,10,11,0.5907898203417467,152.3850205452181,626.5,94.5,0.8699582753824756,0.9879826175582742,0.01201738243956154,0.9883358127724953,0.9766716255449905,0,0,0.9883358127724953,0.9766716255449905,full_param_grid_football_a0.9_T08_h032_rho0.050_lr0.01_lam0.000330_bs16_ep600,False,football_score.xlsx,0.6843505576797243,64.0
football,-0.683771927,0.050963675,-1.115338092,-0.316199681,-1.089199103,1.174524898,0.919392606,2.574165618,-0.550626139,2.020255807,0.11276355,-0.401540622,0.745302001,1.049509811,0.162099816,-0.053871999,0.215683304,-0.159896951,-0.167636334,0.007956357,-0.146473546,0.085910568,0.081705355,0.012791958,-0.017719026,-0.012091351,8.11e-05,0.002488994,-0.000150827,-0.000281052,9.8e-05,4.15e-05,-1.36e-07,3.19e-17,0.9,0.09999999999999998,6,16,0.05,0.01,0.00066,600,16,2,14,10,10,0.5833304503564631,111.7631066320464,348.0,373.0,0.4826147426981919,0.9718384896032798,0.02816151039455598,0.4480325755954374,-0.1039348488091253,0,0,0.4480325755954374,-0.1039348488091253,full_param_grid_football_a0.9_T06_h016_rho0.050_lr0.01_lam0.000660_bs16_ep600,False,football_score.xlsx,0.6811344047114102,65.0
football,-0.683771927,0.050963675,-1.115338092,-0.316199681,-1.089199103,1.174524898,0.919392606,2.574165618,-0.550626139,2.020255807,0.11276355,-0.401540622,0.745302001,1.049509811,0.162099816,-0.053871999,0.215683304,-0.159896951,-0.167636334,0.007956357,-0.146473546,0.085910568,0.081705355,0.012791958,-0.017719026,-0.012091351,8.11e-05,0.002488994,-0.000150827,-0.000281052,9.8e-05,4.15e-05,-1.36e-07,3.19e-17,0.7,0.3,6,16,0.05,0.01,0.00066,600,16,2,14,10,9,0.5859237989296547,106.6100747948512,431.0,290.0,0.5980528511821975,0.9774512090796038,0.02254879091823198,0.7643420869364361,0.5286841738728723,0,0,0.7643420869364361,0.5286841738728723,full_param_grid_football_a0.7_T06_h016_rho0.050_lr0.01_lam0.000660_bs16_ep600,False,football_score.xlsx,0.68091338880245,66.0
football,-0.683771927,0.050963675,-1.115338092,-0.316199681,-1.089199103,1.174524898,0.919392606,2.574165618,-0.550626139,2.020255807,0.11276355,-0.401540622,0.745302001,1.049509811,0.162099816,-0.053871999,0.215683304,-0.159896951,-0.167636334,0.007956357,-0.146473546,0.085910568,0.081705355,0.012791958,-0.017719026,-0.012091351,8.11e-05,0.002488994,-0.000150827,-0.000281052,9.8e-05,4.15e-05,-1.36e-07,3.19e-17,0.9,0.09999999999999998,8,48,0.05,0.01,0.0001,600,32,2,14,10,10,0.569001168270926,82.88491857424378,172.0,549.0,0.2378303198887343,0.9408259826558409,0.05917401734199483,0.04124774890499155,-0.9175045021900169,0,0,0.04124774890499155,-0.9175045021900169,full_param_grid_football_a0.9_T08_h048_rho0.050_lr0.01_lam0.000100_bs32_ep600,False,football_score.xlsx,0.6801223582262088,67.0
football,-0.683771927,0.050963675,-1.115338092,-0.316199681,-1.089199103,1.174524898,0.919392606,2.574165618,-0.550626139,2.020255807,0.11276355,-0.401540622,0.745302001,1.049509811,0.162099816,-0.053871999,0.215683304,-0.159896951,-0.167636334,0.007956357,-0.146473546,0.085910568,0.081705355,0.012791958,-0.017719026,-0.012091351,8.11e-05,0.002488994,-0.000150827,-0.000281052,9.8e-05,4.15e-05,-1.36e-07,3.19e-17,0.9,0.09999999999999998,8,32,0.05,0.01,0.00066,600,16,2,14,10,12,0.5842525594181474,152.1797266700305,375.0,346.0,0.5201668984700973,0.9738341871902958,0.02616581280753998,0.5602071441354285,0.120414288270857,0,0,0.5602071441354285,0.120414288270857,full_param_grid_football_a0.9_T08_h032_rho0.050_lr0.01_lam0.000660_bs16_ep600,False,football_score.xlsx,0.6792673667690511,68.0
football,-0.683771927,0.050963675,-1.115338092,-0.316199681,-1.089199103,1.174524898,0.919392606,2.574165618,-0.550626139,2.020255807,0.11276355,-0.401540622,0.745302001,1.049509811,0.162099816,-0.053871999,0.215683304,-0.159896951,-0.167636334,0.007956357,-0.146473546,0.085910568,0.081705355,0.012791958,-0.017719026,-0.012091351,8.11e-05,0.002488994,-0.000150827,-0.000281052,9.8e-05,4.15e-05,-1.36e-07,3.19e-17,0.9,0.09999999999999998,8,32,0.05,0.02,0.0001,600,16,2,14,10,12,0.5903281005085511,157.2545470977202,607.5,113.5,0.8435326842837274,0.986983328867517,0.01301667113031873,0.984052736011916,0.968105472023832,0,0,0.984052736011916,0.968105472023832,full_param_grid_football_a0.9_T08_h032_rho0.050_lr0.02_lam0.000100_bs16_ep600,False,football_score.xlsx,0.6724518940377061,69.0
football,-0.683771927,0.050963675,-1.115338092,-0.316199681,-1.089199103,1.174524898,0.919392606,2.574165618,-0.550626139,2.020255807,0.11276355,-0.401540622,0.745302001,1.049509811,0.162099816,-0.053871999,0.215683304,-0.159896951,-0.167636334,0.007956357,-0.146473546,0.085910568,0.081705355,0.012791958,-0.017719026,-0.012091351,8.11e-05,0.002488994,-0.000150827,-0.000281052,9.8e-05,4.15e-05,-1.36e-07,3.19e-17,0.5,0.5,6,48,0.05,0.01,0.0001,600,32,2,14,10,8,0.5946632106427011,57.71211016131565,705.0,16.0,0.9791376912378303,0.9963656993415364,0.003634300656299319,0.9968262173093476,0.9936524346186952,1,0,0.999206554327337,0.9984131086546738,full_param_grid_football_a0.5_T06_h048_rho0.050_lr0.01_lam0.000100_bs32_ep600,False,football_score.xlsx,0.6719822617227604,70.0
football,-0.683771927,0.050963675,-1.115338092,-0.316199681,-1.089199103,1.174524898,0.919392606,2.574165618,-0.550626139,2.020255807,0.11276355,-0.401540622,0.745302001,1.049509811,0.162099816,-0.053871999,0.215683304,-0.159896951,-0.167636334,0.007956357,-0.146473546,0.085910568,0.081705355,0.012791958,-0.017719026,-0.012091351,8.11e-05,0.002488994,-0.000150827,-0.000281052,9.8e-05,4.15e-05,-1.36e-07,3.19e-17,0.7,0.3,8,16,0.05,0.01,0.00033,600,16,2,14,10,10,0.582886028384454,148.1156416442245,339.5,381.5,0.4707927677329625,0.9708766382409957,0.02912336175684007,0.413264381433054,-0.173471237133892,0,0,0.413264381433054,-0.173471237133892,full_param_grid_football_a0.7_T08_h016_rho0.050_lr0.01_lam0.000330_bs16_ep600,False,football_score.xlsx,0.6711549961846126,71.0
football,-0.683771927,0.050963675,-1.115338092,-0.316199681,-1.089199103,1.174524898,0.919392606,2.574165618,-0.550626139,2.020255807,0.11276355,-0.401540622,0.745302001,1.049509811,0.162099816,-0.053871999,0.215683304,-0.159896951,-0.167636334,0.007956357,-0.146473546,0.085910568,0.081705355,0.012791958,-0.017719026,-0.012091351,8.11e-05,0.002488994,-0.000150827,-0.000281052,9.8e-05,4.15e-05,-1.36e-07,3.19e-17,0.7,0.3,6,32,0.05,0.01,0.0001,600,16,2,14,10,12,0.5900021023554306,106.884016205091,586.5,134.5,0.8143254520166898,0.986277779215542,0.01372222078229371,0.9775092891999483,0.9550185783998966,0,0,0.9775092891999483,0.9550185783998966,full_param_grid_football_a0.7_T06_h032_rho0.050_lr0.01_lam0.000100_bs16_ep600,False,football_score.xlsx,0.6708347247621356,72.0
